title,company,location,link
AI/빅데이터/클라우드 분야 (인재 Pool),LG유플러스,서울,https://kr.indeed.com/viewjob?jk=fb617eeb80ea6fa9
2021년 신입직원 요강,대한상공회의소,서울 중구,https://kr.indeed.com/viewjob?jk=7d0b12ab6e5a2af6
Data Scientist,Boston Consulting Group,서울,https://kr.indeed.com/viewjob?jk=ce6747e77c861c46
하나손해보험 경력직,하나손해보험,서울 종로구,https://kr.indeed.com/viewjob?jk=0c07d097f996104e
[전문연구요원] 상시,네이버,서울,https://kr.indeed.com/viewjob?jk=b79c2ae536063b01
[Clova] Clova AI 인재,네이버,서울,https://kr.indeed.com/viewjob?jk=92bd400e3b5306ba
Data Analyst,IQVIA,서울,https://kr.indeed.com/viewjob?jk=2c4c5856662783e7
[인재풀] 아티스트,Electronic Arts,서울,https://kr.indeed.com/viewjob?jk=aac8e9355cb855ac
보험 신규사업 비즈니스 분야 담당자 영입,카카오페이,성남 분당구,https://kr.indeed.com/viewjob?jk=e30f23f4f814b717
빅데이터 개인화 마케팅 담당자,케이뱅크은행,서울 종로구,https://kr.indeed.com/viewjob?jk=10b9773511af2fd9
Data Analyst,레이니스트,서울,https://kr.indeed.com/viewjob?jk=e5ca14de265f7fc9
[Clova] Cross Platform Python Packaging Intern,네이버,서울,https://kr.indeed.com/viewjob?jk=85d495b911ccfb21
[S/W] 차량 음성인식/자연어처리 기술 개발,현대자동차그룹,서울,https://kr.indeed.com/viewjob?jk=7cd57178d4e08be0
[네이버웹툰] Growth Data Analyst(경력),네이버,서울,https://kr.indeed.com/viewjob?jk=86d5ec1b96e9c363
데이터 사이언티스트 / Data Scientist,Bagelcode,서울,https://kr.indeed.com/viewjob?jk=d0ae3cf7638734ac
데이터Hub팀 데이터사이언티스트,고려대학교,서울 성북구,https://kr.indeed.com/viewjob?jk=4ee41629ee4980b1
(화학대기업) IT기획/운영,화인크루,성남 분당구,https://kr.indeed.com/viewjob?jk=7fd352f69a4d9318
DW / 은행 정보계 시스템 담당자 (10월 진행),케이뱅크은행,서울 종로구,https://kr.indeed.com/viewjob?jk=0277e0878799cc1b
소프트웨어 엔지니어 - 프론트엔드,LVIS Corporation,서울,https://kr.indeed.com/viewjob?jk=2a86a664e7be890b
정보보안 담당자,Nexon,성남 분당구,https://kr.indeed.com/viewjob?jk=eeb9fe1c361f0758
소프트웨어 엔지니어 - 백엔드,LVIS Corporation,서울,https://kr.indeed.com/viewjob?jk=afa77a9673d09aff
2021 Market Data Analyst - Seoul,Bloomberg,서울,https://kr.indeed.com/viewjob?jk=5b73d7ce16a8338a
[S/W] 대화 플랫폼 기획,현대자동차그룹,서울,https://kr.indeed.com/viewjob?jk=4355ea0ba78dfaa6
Data Scientist,"Koniag, Inc.",대한민국,https://kr.indeed.com/viewjob?jk=193bfe67eed05c31
2020년 하반기 KB증권 신입사원(4급) 공개,케이비증권,서울 영등포구,https://kr.indeed.com/viewjob?jk=49ab4b5ab0f736db
부문별 신입 및 경력사원,하나펀드서비스,서울 중구,https://kr.indeed.com/viewjob?jk=d04545d82a5cac35
개발자 인턴십,레이니스트,서울,https://kr.indeed.com/viewjob?jk=469c6f4eddd54a2c
Business Analyst,Procter & Gamble,서울,https://kr.indeed.com/viewjob?jk=97518f4ddf1027a2
[대기업 계열 금융] 데이타 사이언티스트 / 빅데이타 전문가,유앤파트너즈,서울,https://kr.indeed.com/viewjob?jk=4d3e3de9de8994b1
[카카오커머스] 기술직군,카카오커머스,성남 분당구,https://kr.indeed.com/viewjob?jk=665e5885dfd75df4
[Forest] 네이버 쇼핑 AI 개발자,네이버,서울,https://kr.indeed.com/viewjob?jk=6857f93f4cb82fe2
백엔드 엔지니어 (전문연구요원 가능),버즈니,서울,https://kr.indeed.com/viewjob?jk=8b9dbb350f5c0776
Data Scientist,국내 패션 대기업,서울,https://kr.indeed.com/viewjob?jk=8688a5b00a3e8aa4
Healthcare Real World Data Analyst 담당자,IQVIA,서울,https://kr.indeed.com/viewjob?jk=a746de9c7a6168ef
모터/액츄에이터 HW개발 경력인재 - 우량대기업,에스에프인촌,서울,https://kr.indeed.com/viewjob?jk=b38d9ca9d360fda2
"딥러닝, 빅데이터 외 신입/경력 계약직",서울대학교병원,서울 종로구,https://kr.indeed.com/viewjob?jk=bf8af6c190715196
Developer / Designer recruit,마이뮤직테이스트,서울 논현동,https://kr.indeed.com/viewjob?jk=55a19c92c845685e
신용 리스크 관리 담당자,케이뱅크은행,서울 종로구,https://kr.indeed.com/viewjob?jk=da88185165789b8e
산업전문인력 AI 역량강화 - AI융합전문가 과정,한국생산성본부,대한민국,https://kr.indeed.com/viewjob?jk=6f44ac3bc72ec918
[NAVERxLINE] Global Ad AI Engineer/AI Planner,네이버,서울,https://kr.indeed.com/viewjob?jk=a358a39da5dfc360
PANI 하반기 전분야,페니로이스,서울 종로구,https://kr.indeed.com/viewjob?jk=f5080d63de2df955
Customer Engagement Specialist,Sanofi,서울,https://kr.indeed.com/viewjob?jk=bb76e00964d6cec6
빅데이터 시스템 개발/운영 담당자 (10월 진행),케이뱅크은행,서울 종로구,https://kr.indeed.com/viewjob?jk=e468ef6b8ee79415
[Forest] 네이버 쇼핑검색플랫폼 개발자,네이버,서울,https://kr.indeed.com/viewjob?jk=f3a14b3f8d9e3e12
[신입공채] AI R&D - Language AI,엔씨소프트,성남 판교역,https://kr.indeed.com/viewjob?jk=45690cbb191b62f0
보훈대상자 인재 채용,네오위즈,대한민국,https://kr.indeed.com/viewjob?jk=dfcb86f156623e5c
Software Engineer,Electronic Arts,서울,https://kr.indeed.com/viewjob?jk=1cf825d234463890
Cross Border Ecommerce - Business Intelligence (Based in Seoul),Shopee,서울,https://kr.indeed.com/viewjob?jk=b574f1454ae36aab
[S/W] 차량 음석인식/합성 기술 개발,현대자동차그룹,서울,https://kr.indeed.com/viewjob?jk=8d056ff5eec408a0
빅데이터 엔지니어,케이뱅크은행,서울 종로구,https://kr.indeed.com/viewjob?jk=02bcc222720cc675
다나와 - 2020년 신입/경력직,다나와,서울 양천구,https://kr.indeed.com/viewjob?jk=ede0cb5f2ef3c702
[Autonomous Driving] Virtual Environment Simulation Engineer,네이버,서울,https://kr.indeed.com/viewjob?jk=5ed0334bca0963cb
[오디오플랫폼] Immersive Audio 기술 개발자,네이버,서울,https://kr.indeed.com/viewjob?jk=afd325d078fb2c9f
현대무벡스 경력사원 상시,현대무벡스,서울 종로구,https://kr.indeed.com/viewjob?jk=d4c52ba1a491a8b9
Marketing Data Analyst,하이퍼커넥트,서울,https://kr.indeed.com/viewjob?jk=ac3939eb43b8729c
2020년 각 부문 신입/경력,더이앤엠,서울,https://kr.indeed.com/viewjob?jk=ee4d4d032c3e47c8
백엔드개발자(데이터엔지니어) junior,유저해빗,서울 마포구,https://kr.indeed.com/viewjob?jk=a538d8afb024c178
인공지능(AI) 인력,신한에이아이,서울 영등포구,https://kr.indeed.com/viewjob?jk=90f259dbd9f3c40a
(주)바이오니아 2020년 10월 하반기 각 부문별 신규/경력직,바이오니아,대전 대덕구,https://kr.indeed.com/viewjob?jk=cc8206c3ff33d42b
"Design Consultant, Staff",Synopsys,대한민국,https://kr.indeed.com/viewjob?jk=7e9a745cd8bdcbe3
Data Scientist,하이퍼커넥트,서울,https://kr.indeed.com/viewjob?jk=5bc622575fee61b8
()MBC 방송IT센터 소프트웨어 개발 담당,문화방송,서울 마포구,https://kr.indeed.com/viewjob?jk=e0a39d53ed986eed
8퍼센트 개발자 (신입/경력),8퍼센트,서울 종로구,https://kr.indeed.com/viewjob?jk=8af26b37623864c4
[KSTEC] RPA 시스템 개발 경력사원,지식시스템,성남 분당구,https://kr.indeed.com/viewjob?jk=60091b909fd70f65
Data Analyst,Axiologic Solutions,서울,https://kr.indeed.com/viewjob?jk=eb45c08f4c4a43d8
사내 및 서비스 보안 담당자 (경력),네오위즈,대한민국,https://kr.indeed.com/viewjob?jk=cd40cf786e32f325
보안,NHN,성남 판교역,https://kr.indeed.com/viewjob?jk=810816c790317a08
2020 하반기 DB그룹 신입사원 공개 (예정),DB그룹,서울 강남구,https://kr.indeed.com/viewjob?jk=d1caddedfe1a1028
2020년 경력사원 상시,코리아크레딧뷰로,서울 종로구,https://kr.indeed.com/viewjob?jk=bf96469e42173064
Applications Engineer (Library Characterization),Synopsys,서울,https://kr.indeed.com/viewjob?jk=8c8700db243d1a3c
데이터 분석가/사이언티스트(신입/경력),쏘카,대한민국,https://kr.indeed.com/viewjob?jk=776a7ce9f625189d
2020 하반기 신입사원 [R&D],현대오토에버,서울,https://kr.indeed.com/viewjob?jk=59f1d93075d27a46
(주)신세계아이앤씨 경력사원 상시,신세계아이앤씨,서울 중구,https://kr.indeed.com/viewjob?jk=9debec4c7f511ec8
[반도체IP 기업] Reference SW Engineer (Junior급),커리어라임즈,서울,https://kr.indeed.com/viewjob?jk=a6e979b7f861362e
Deep Learning R&D Engineer,Intel,서울,https://kr.indeed.com/viewjob?jk=58613b11ebe8779c
2020년 하반기 신입사원 [PoC Infra],SK텔링크,서울,https://kr.indeed.com/viewjob?jk=92c362bedaf42aa1
"(대전) 국방 M&S 연구분석관(통계, 연구분석 등)",심네트,대전 유성구,https://kr.indeed.com/viewjob?jk=a20bb9c4f1c07acb
Back-end Engineer (Python),Soomgo,서울 강남구,https://kr.indeed.com/viewjob?jk=752a4b5d63eac97c
2020 하반기 신입사원 [클라우드/인프라기술],현대오토에버,서울,https://kr.indeed.com/viewjob?jk=2a1a4d2764b0a094
데이터Hub팀 데이터사이언티스트 채용공고,고려대학교,대한민국,https://kr.indeed.com/viewjob?jk=05ac415d4558ddcc
[개발자] 꿈 찾아드립니다. 저희와 함께하세요.,ICON,서울 강남구,https://kr.indeed.com/viewjob?jk=c0fecdc732e79dd0
Data Analyst,Toss,서울 강남구,https://kr.indeed.com/viewjob?jk=e393fa440b668be7
빅데이터/AI 분석,현대자동차그룹,서울,https://kr.indeed.com/viewjob?jk=8693f8e419a62c05
채팅모듈 개발자,Nexon,성남 분당구,https://kr.indeed.com/viewjob?jk=3b752abecf619fe5
[EY한영] 금융감사본부 Data Analytics 전문 경력직 모집,Ernst & Young,대한민국,https://kr.indeed.com/viewjob?jk=ddcb0a62f8ed40d4
Data Scientist II,Amazon Web Services Korea LLC,서울,https://kr.indeed.com/viewjob?jk=67ca30c143379281
Data Scientist,레이니스트,서울,https://kr.indeed.com/viewjob?jk=c4146edac244e5a5
[Ghent University Global Campus] Hiring Research Professors,겐트대학교 글로벌캠퍼스,인천 연수구,https://kr.indeed.com/viewjob?jk=bb8c019026aebec8
8퍼센트 경력 개발자,8퍼센트,서울 종로구,https://kr.indeed.com/viewjob?jk=464ef95516a5fa5c
2020년도 3차 정규직원(박사급),한국고용정보원,충청북도 음성,https://kr.indeed.com/viewjob?jk=30d824e664c3cda4
Cloud Support Eng. II (Lin),Amazon Web Services Korea LLC,서울,https://kr.indeed.com/viewjob?jk=a90457066bb577a4
HANA Test Engineer,SAP,서울,https://kr.indeed.com/viewjob?jk=93a0a2c0d0944837
[AI Lab] Machine Learning 데이터 사이언티스트 (전문연구요원 가능),버즈니,서울,https://kr.indeed.com/viewjob?jk=a93103d6dd6d208e
데이터 분석 및 지표 구축,아프리카TV,성남 분당구,https://kr.indeed.com/viewjob?jk=613678e409e8667c
Data Engineer,하이퍼커넥트,서울,https://kr.indeed.com/viewjob?jk=c1dd4631a5e53463
데이터 분석가 모집,카카오,성남 판교역,https://kr.indeed.com/viewjob?jk=092d062a6faa7139
기술 인턴 인공지능 응용 연구/개발 인턴,써로마인드로보틱스,서울 관악구,https://kr.indeed.com/viewjob?jk=71c47ac87bb4087e
데이터 사이언스 및 엔지니어링,NHN,성남 판교역,https://kr.indeed.com/viewjob?jk=46975ee759c13b8a
네이버 일본 맛집 서비스 CONOMI 머신러닝 개발자,네이버,서울,https://kr.indeed.com/viewjob?jk=feac8a234b715106
Security Engineer (모의해킹/취약점 점검),Toss,서울 강남구,https://kr.indeed.com/viewjob?jk=241ae1e7499c461c
